ID del canal,URL del canal,Título del canal
UC-ihtKdODqNE7iPISJD3DnA,http://www.youtube.com/channel/UC-ihtKdODqNE7iPISJD3DnA,Lemnismath
UC0KbdZ_6Ehp8uW5yF68RRpw,http://www.youtube.com/channel/UC0KbdZ_6Ehp8uW5yF68RRpw,Usted Esta Aqui - UEA
UC0eYrD6sRoLBvq_c4Jri-0A,http://www.youtube.com/channel/UC0eYrD6sRoLBvq_c4Jri-0A,Mammoth Bikes
UC18HCbwb8eF2OCkS_5x621Q,http://www.youtube.com/channel/UC18HCbwb8eF2OCkS_5x621Q,Discovery en Español
UC1t9-MLbZ1NpjygWIYZlftg,http://www.youtube.com/channel/UC1t9-MLbZ1NpjygWIYZlftg,Benja y Nadia
UC1zZE_kJ8rQHgLTVfobLi_g,http://www.youtube.com/channel/UC1zZE_kJ8rQHgLTVfobLi_g,TKOR
UC2o1vzpUIvgf0VMJIMKZ_rQ,http://www.youtube.com/channel/UC2o1vzpUIvgf0VMJIMKZ_rQ,Julio Ureña (plaintext)
UC37oanR3n-pEdaIrIx_VVlw,http://www.youtube.com/channel/UC37oanR3n-pEdaIrIx_VVlw,Tomas de Camino
UC3IoswE8fdkTCehMZGWyE6A,http://www.youtube.com/channel/UC3IoswE8fdkTCehMZGWyE6A,ThePersonTube
UC3s0BtrBJpwNDaflRSoiieQ,http://www.youtube.com/channel/UC3s0BtrBJpwNDaflRSoiieQ,Hak5
UC3sznuotAs2ohg_U__Jzj_Q,http://www.youtube.com/channel/UC3sznuotAs2ohg_U__Jzj_Q,The Film Theorists
UC4UJ26WkceqONNF5S26OiVw,http://www.youtube.com/channel/UC4UJ26WkceqONNF5S26OiVw,deeplizard
UC52hytXteCKmuOzMViTK8_w,http://www.youtube.com/channel/UC52hytXteCKmuOzMViTK8_w,CdeCiencia
UC6AcGmZFABTyR9XWdwb6JMQ,http://www.youtube.com/channel/UC6AcGmZFABTyR9XWdwb6JMQ,Renzo Rimolo
UC6nSFpj9HTCZ5t-N3Rm3-HA,http://www.youtube.com/channel/UC6nSFpj9HTCZ5t-N3Rm3-HA,Vsauce
UC6vImVkvofpMUOlYt6LiRXA,http://www.youtube.com/channel/UC6vImVkvofpMUOlYt6LiRXA,Keystone Science
UC79Gv3mYp6zKiSwYemEik9A,http://www.youtube.com/channel/UC79Gv3mYp6zKiSwYemEik9A,DataCamp
UC7vVhkEfw4nOGp8TyDk7RcQ,http://www.youtube.com/channel/UC7vVhkEfw4nOGp8TyDk7RcQ,Boston Dynamics
UC8hO9SteWO-kZokmAd7Bniw,http://www.youtube.com/channel/UC8hO9SteWO-kZokmAd7Bniw,Marcos Alberca
UC8zqCEvaRwHcfz3IhjhMMxQ,http://www.youtube.com/channel/UC8zqCEvaRwHcfz3IhjhMMxQ,NASA en Español
UCAQZ4iOfUvCQmgtd_a69N9w,http://www.youtube.com/channel/UCAQZ4iOfUvCQmgtd_a69N9w,Fito&Fitipaldis
UCBfZ2DzuEUv_3zt8yauvnYw,http://www.youtube.com/channel/UCBfZ2DzuEUv_3zt8yauvnYw,ApariciTabs
UCCEmjNPpJYhGDgaEqeeA4HA,http://www.youtube.com/channel/UCCEmjNPpJYhGDgaEqeeA4HA,TheGrefg
UCCmHFfUhcgZHenBWRzSEB0w,http://www.youtube.com/channel/UCCmHFfUhcgZHenBWRzSEB0w,Xpikuos
UCE6Nokyc-_OVy_U52q_7kEQ,http://www.youtube.com/channel/UCE6Nokyc-_OVy_U52q_7kEQ,Dr. Hernández
UCEBb1b_L6zDS3xTUrIALZOw,http://www.youtube.com/channel/UCEBb1b_L6zDS3xTUrIALZOw,MIT OpenCourseWare
UCF-9kKPuR4s4n9GnS15xLyg,http://www.youtube.com/channel/UCF-9kKPuR4s4n9GnS15xLyg,Ethical Tutoriales
UCFR2oaNj02WnXkOgLH0iqOA,http://www.youtube.com/channel/UCFR2oaNj02WnXkOgLH0iqOA,Auron
UCFe-pfe0a9bDvWy74Jd7vFg,http://www.youtube.com/channel/UCFe-pfe0a9bDvWy74Jd7vFg,Massachusetts Institute of Technology (MIT)
UCFmTQvS_9nWXYbewHE1MSFg,http://www.youtube.com/channel/UCFmTQvS_9nWXYbewHE1MSFg,Tavo Al Volante
UCG4H4Qf-ZU9Ycr_PQ4egqDQ,http://www.youtube.com/channel/UCG4H4Qf-ZU9Ycr_PQ4egqDQ,AMP Tech
UCG5IfQYv9S9HIsrICDcZaZQ,http://www.youtube.com/channel/UCG5IfQYv9S9HIsrICDcZaZQ,Valentí Sanjuan
UCH-Z8ya93m7_RD02WsCSZYA,http://www.youtube.com/channel/UCH-Z8ya93m7_RD02WsCSZYA,Derivando
UCKDq5rnLSO1rPSv5QdNwP4A,http://www.youtube.com/channel/UCKDq5rnLSO1rPSv5QdNwP4A,smdani
UCKWaEZ-_VweaEx1j62do_vQ,http://www.youtube.com/channel/UCKWaEZ-_VweaEx1j62do_vQ,IBM Technology
UCMdNGF83BFHofjx1rN5dYGw,http://www.youtube.com/channel/UCMdNGF83BFHofjx1rN5dYGw,Instacredit
UCMsV0e2CLuzL7TyngBKvRTQ,http://www.youtube.com/channel/UCMsV0e2CLuzL7TyngBKvRTQ,Ciencias de la Ciencia
UCN9tWzyRHYEUI6cozv2IS7Q,http://www.youtube.com/channel/UCN9tWzyRHYEUI6cozv2IS7Q,Emanuel Salazar
UCNAhW2oJvy_FUU082pEDspA,http://www.youtube.com/channel/UCNAhW2oJvy_FUU082pEDspA,MrBeast en Español
UCNHWpNqiM8yOQcHXtsluD7Q,http://www.youtube.com/channel/UCNHWpNqiM8yOQcHXtsluD7Q,s4vitar
UCNYW2vfGrUE6R5mIJYzkRyQ,http://www.youtube.com/channel/UCNYW2vfGrUE6R5mIJYzkRyQ,DrossRotzank
UCOTko-zmnQTcOxSRdg5_uOQ,http://www.youtube.com/channel/UCOTko-zmnQTcOxSRdg5_uOQ,Dot CSV Lab 
UCOmP37Eahfdc2lOAMJxABbA,http://www.youtube.com/channel/UCOmP37Eahfdc2lOAMJxABbA,Dariush Barinjou
UCPhq7iR65k0gWcraXgLiY1A,http://www.youtube.com/channel/UCPhq7iR65k0gWcraXgLiY1A,Nigel John Stanford
UCQX_MZRCaluNKxkywkLEgfA,http://www.youtube.com/channel/UCQX_MZRCaluNKxkywkLEgfA,Date un Vlog
UCS25egwB_H_Z7t3hbhdm-XQ,http://www.youtube.com/channel/UCS25egwB_H_Z7t3hbhdm-XQ,Bike Ride CR
UCSFMZhDIVRqIj7Hyo6mKZBw,http://www.youtube.com/channel/UCSFMZhDIVRqIj7Hyo6mKZBw,Sebas Guillem
UCTplas1aEhuhBLFYpxr299g,http://www.youtube.com/channel/UCTplas1aEhuhBLFYpxr299g,Francisco Ochoa Inglés Fácil
UCUoQLc931QIFzgQP1ID5Tkg,http://www.youtube.com/channel/UCUoQLc931QIFzgQP1ID5Tkg,Cuerdas de Adoración
UCVg9Xp20zftP_Y7Jp9zH6QQ,http://www.youtube.com/channel/UCVg9Xp20zftP_Y7Jp9zH6QQ,Cocinando con Ninfa
UCWN3xxRkmTPmbKwht9FuE5A,http://www.youtube.com/channel/UCWN3xxRkmTPmbKwht9FuE5A,Siraj Raval
UCX6OQ3DkcsbYNE6H8uQQuVA,http://www.youtube.com/channel/UCX6OQ3DkcsbYNE6H8uQQuVA,MrBeast
UCX7Y2qWriXpqocG97SFW2OQ,http://www.youtube.com/channel/UCX7Y2qWriXpqocG97SFW2OQ,Jeremy Howard
UCXqlds5f7B2OOs9vQuevl4A,http://www.youtube.com/channel/UCXqlds5f7B2OOs9vQuevl4A,Red Bull Bike
UCXtxgWwk55kVJo9lCCZRdmg,http://www.youtube.com/channel/UCXtxgWwk55kVJo9lCCZRdmg,Veritasium en español
UCYELeDpTWMspG63Jtz9dNeA,http://www.youtube.com/channel/UCYELeDpTWMspG63Jtz9dNeA,Coach Ema CR
UCYO_jab_esuFRV4b17AJtAw,http://www.youtube.com/channel/UCYO_jab_esuFRV4b17AJtAw,3Blue1Brown
UCYudpbS8JXULY-pokQzjxJQ,http://www.youtube.com/channel/UCYudpbS8JXULY-pokQzjxJQ,Creators Library
UCZXEJLGRtLU1cSRz2o8plvw,http://www.youtube.com/channel/UCZXEJLGRtLU1cSRz2o8plvw,Centro de las Artes TEC
UCaIuEzlubPcf6885XsFO0Dw,http://www.youtube.com/channel/UCaIuEzlubPcf6885XsFO0Dw,Mark Rober en Español
UCaVPhFg-Ax873wvhbNitsrQ,http://www.youtube.com/channel/UCaVPhFg-Ax873wvhbNitsrQ,El Robot de Platón
UCb4UuEK9rDXPYM8HRYBgUHQ,http://www.youtube.com/channel/UCb4UuEK9rDXPYM8HRYBgUHQ,Electronica TV
UCbdSYaPD-lr1kW27UJuk8Pw,http://www.youtube.com/channel/UCbdSYaPD-lr1kW27UJuk8Pw,QuantumFracture
UCbfYPyITQ-7l4upoX8nvctg,http://www.youtube.com/channel/UCbfYPyITQ-7l4upoX8nvctg,Two Minute Papers
UCcQx1UnmorvmSEZef4X7-6g,http://www.youtube.com/channel/UCcQx1UnmorvmSEZef4X7-6g,Jay Feng
UCcgQKObwkjmg93KBYSDGJLg,http://www.youtube.com/channel/UCcgQKObwkjmg93KBYSDGJLg,Cogitare
UCcjIvuxmWlS5IEQ0JdPV4Ng,http://www.youtube.com/channel/UCcjIvuxmWlS5IEQ0JdPV4Ng,Rubius Z
UCctXZhXmG-kf3tlIXgVZUlw,http://www.youtube.com/channel/UCctXZhXmG-kf3tlIXgVZUlw,GaryVee
UCdj1pjEO-qwcGM9-P4IgsJw,http://www.youtube.com/channel/UCdj1pjEO-qwcGM9-P4IgsJw,Marcelo Gutierrez
UCeC57ayAwboLvm-_zC2ZZFw,http://www.youtube.com/channel/UCeC57ayAwboLvm-_zC2ZZFw,AlitoxSB
UCey_HQ2V1aBA8RBSXeb591g,http://www.youtube.com/channel/UCey_HQ2V1aBA8RBSXeb591g,OMNi Costa Rica
UCfLTaP7dww1M8Vr5DKzzRZA,http://www.youtube.com/channel/UCfLTaP7dww1M8Vr5DKzzRZA,Gaspi
UCfWHGFmfOY7m4zi6TZ03WPQ,http://www.youtube.com/channel/UCfWHGFmfOY7m4zi6TZ03WPQ,JDTutoriales
UCfY1YRVJiwIjg9wktCrwReQ,http://www.youtube.com/channel/UCfY1YRVJiwIjg9wktCrwReQ,LaAngelinaMTB
UCfzlCWGWYyIQ0aLC5w48gBQ,http://www.youtube.com/channel/UCfzlCWGWYyIQ0aLC5w48gBQ,sentdex
UCg1EwQbT6dAOlqqctjXJCag,http://www.youtube.com/channel/UCg1EwQbT6dAOlqqctjXJCag,Rutas MTB Costa Rica
UCgTNupxATBfWmfehv21ym-g,http://www.youtube.com/channel/UCgTNupxATBfWmfehv21ym-g,Null Byte
UCgW3esY64hBsTw-1nGy0hFQ,http://www.youtube.com/channel/UCgW3esY64hBsTw-1nGy0hFQ,IglesiaDC
UCieCFPQ-ubSvkOdvIxgbmZg,http://www.youtube.com/channel/UCieCFPQ-ubSvkOdvIxgbmZg,Tyler Faraday
UCjgpFI5dU-D1-kh9H1muoxQ,http://www.youtube.com/channel/UCjgpFI5dU-D1-kh9H1muoxQ,Hacksmith Industries
UCk0ZtCqxoYJa5H_ldj602-Q,http://www.youtube.com/channel/UCk0ZtCqxoYJa5H_ldj602-Q,Podcast Emprende Aprendiendo
UCkpwPf2B4FphjqVcozDym0A,http://www.youtube.com/channel/UCkpwPf2B4FphjqVcozDym0A,The Shadow Brokers
UCn8SY1KGo2ppIYrl_4t98Ug,http://www.youtube.com/channel/UCn8SY1KGo2ppIYrl_4t98Ug,JOSE ZAMORA
UCnxrdFPXJMeHru_b4Q_vTPQ,http://www.youtube.com/channel/UCnxrdFPXJMeHru_b4Q_vTPQ,Simply Explained
UCoMKBZfwqvFyezLRJDlB1rw,http://www.youtube.com/channel/UCoMKBZfwqvFyezLRJDlB1rw,Cultura matemática ICMAT
UCp68_FLety0O-n9QU6phsgw,http://www.youtube.com/channel/UCp68_FLety0O-n9QU6phsgw,colinfurze
UCpypU2XLYmOsf36xgcgrW3w,http://www.youtube.com/channel/UCpypU2XLYmOsf36xgcgrW3w,Cifra Club
UCqA4L7zgzJFS01F2km1yiDw,http://www.youtube.com/channel/UCqA4L7zgzJFS01F2km1yiDw,DR LA ROSA
UCr7DiTyYj3_LDP8nK95Kp7g,http://www.youtube.com/channel/UCr7DiTyYj3_LDP8nK95Kp7g,Arbol - Comunidad de Ciencia de Datos
UCrEM9nM7pxy0TtgDyTXljFQ,http://www.youtube.com/channel/UCrEM9nM7pxy0TtgDyTXljFQ,Descubriendo la Inteligencia Artificial
UCt4bqBpnD26tuKNFV7xZ3HQ,http://www.youtube.com/channel/UCt4bqBpnD26tuKNFV7xZ3HQ,KEVINTROX
UCti03qHTTTuFIKGhfgzIyEA,http://www.youtube.com/channel/UCti03qHTTTuFIKGhfgzIyEA,Alan Flores
UCu1Al_bQJxIWJv0OjW3eFlg,http://www.youtube.com/channel/UCu1Al_bQJxIWJv0OjW3eFlg,Salomundo
UCutLg2Jesf2C4Hdv9LNeL1A,http://www.youtube.com/channel/UCutLg2Jesf2C4Hdv9LNeL1A,Cantemos
UCv-IoKlvMGpUgZl_8w4R0HA,http://www.youtube.com/channel/UCv-IoKlvMGpUgZl_8w4R0HA,Que Buen Lugar
UCv9W_EjUDdo_S7Ov_7_ONtA,http://www.youtube.com/channel/UCv9W_EjUDdo_S7Ov_7_ONtA,Fitonica
UCvG04Y09q0HExnIjdgaqcDQ,http://www.youtube.com/channel/UCvG04Y09q0HExnIjdgaqcDQ,Because Science
UCvK4bOhULCpmLabd2pDMtnA,http://www.youtube.com/channel/UCvK4bOhULCpmLabd2pDMtnA,Yes Theory
UCvk0MKlHFE5eLZdRwCD6E9Q,http://www.youtube.com/channel/UCvk0MKlHFE5eLZdRwCD6E9Q,Isaac Centeno
UCwYlw2jpIeEC7l9bH9BQMZQ,http://www.youtube.com/channel/UCwYlw2jpIeEC7l9bH9BQMZQ,Euge Oller
UCwfL4oEAhskd1DpaOLiyQvw,http://www.youtube.com/channel/UCwfL4oEAhskd1DpaOLiyQvw,Entreno Del Día
UCxthdekpMin2DTv4i-3AjDg,http://www.youtube.com/channel/UCxthdekpMin2DTv4i-3AjDg,Got Talent España
UCy5znSnfMsDwaLlROnZ7Qbg,http://www.youtube.com/channel/UCy5znSnfMsDwaLlROnZ7Qbg,Dot CSV
UCyM-2pRapEv6V2q7UNO9icg,http://www.youtube.com/channel/UCyM-2pRapEv6V2q7UNO9icg,Emprende Aprendiendo
UCyQqzYXQBUWgBTn4pw_fFSQ,http://www.youtube.com/channel/UCyQqzYXQBUWgBTn4pw_fFSQ,AuronPlay
UCysEngjfeIYapEER9K8aikw,http://www.youtube.com/channel/UCysEngjfeIYapEER9K8aikw,Brian Advent
UCz-d38WRCrDfOetV5cxVB2Q,http://www.youtube.com/channel/UCz-d38WRCrDfOetV5cxVB2Q,Imparables
UCzFJ9ZkjYpxWTSqX9cVXj4g,http://www.youtube.com/channel/UCzFJ9ZkjYpxWTSqX9cVXj4g,tomiii 11
UCzz4CoEgSgWNs9ZAvRMhW2A,http://www.youtube.com/channel/UCzz4CoEgSgWNs9ZAvRMhW2A,Everything Electric CARS





